post_id,ps_instances,ps_verdicts,fact_check_id,fc_instances,ps_lang,fc_lang,fc_claim_source,fc_claim_target,fc_claim_langs,ps_text_source,ps_text_target,ps_text_langs,fc_title_source,fc_title_target,fc_title_langs,ps_ocr_source,ps_ocr_target,ps_ocr_langs
0,"[(1593519481.0, 'ig')]",,18,"(1594243500.0, 'https://factual.afp.com/el-video-de-una-orquesta-tocando-el-bolero-de-ravel-sobre-el-sena-en-paris-es-de-2017#367fc73ea7c0c5812887632bc66ff2f5')",spa,spa,La filarmÃ³nica de ParÃ­s toca el Bolero de Ravel en una plataforma sobre el Sena por el levantamiento de la cuarentena,The Paris Philharmonic plays Ravel's Bolero on a platform over the Seine for the lifting of the quarantine,"[('spa', 1.0)]",La Filarmonica de Paris vivenciando un bolero de M Ravel en una plataforma sobre el Sena por el levantamiento de la cuarentena,The Philharmonic de Paris experiencing a bolero by M Ravel on a platform over the Seine for the lifting of the quarantine,"[('spa', 1.0)]","El video de una orquesta tocando el Bolero de Ravel sobre el Sena, en ParÃ­s, es de 2017","The video of an orchestra playing Ravel's Bolero on the Seine, in Paris, is from 2017","[('spa', 1.0)]",,,
1,"[(1620729739.0, 'ig')]",Partly False,26,"(1621021140.0, 'https://factcheck.afp.com/census-bureau-voter-tally-self-reported-not-official-election-data#ef1a31ac2b741f5621f5d1e962410144')",eng,eng,Census Bureau confirms conflict in total number of voters in 2020 election,Census Bureau confirms conflict in total number of voters in 2020 election,"[('eng', 1.0)]",,,,"Census Bureau voter tally is self-reported, not official election data","Census Bureau voter tally is self-reported, not official election data","[('eng', 1.0)]","MOM
Imahalo
Patriot news
@Grahmptr
...
....
JUST IN: US Census Bureau
Confirms HUGE CONFLICT in
Total Number of Voters in
2020 Election-More People
Voted Than Reported in 2020
Census Data. there is a
discrepancy of nearly four
million votes","MOM
Imahalo
Patriot news
@Grahmptr
...
....
JUST IN: US Census Bureau
Confirms HUGE CONFLICT in
Total Number of Voters in
2020 Election-More People
Voted Than Reported in 2020
Census Data. there is a
discrepancy of nearly four
million votes","[('eng', 0.9305148124694824), ('fil', 0.03528721258044243)]"
2,"[(1585630842.0, 'fb')]",False information,39,"(1585952220.0, 'https://factual.afp.com/este-edificio-encendido-no-es-la-torre-latinoamericana-de-mexico-sino-el-empire-state-de-nueva-york#ccd19ef3f66db8c859c3c8005061ddff')",spa,spa,La Torre Latinoamericana se ilumina al declararse la emergencia sanitaria en MÃ©xico,The Latin American Tower lights up when the health emergency is declared in Mexico,"[('spa', 1.0)]","AsÃ­ luce la Torre Latinoamericana de cdmx despuÃ©s de la declaratoria de #EmergenciaSanitaria
LlegÃ³ la hora de #quedateencasa
No hagas reuniones
no carnes asadas con tus amigos
es #cuarentena
taggea a quienes no entienden!
#covid19","This is what the CDMX Latin American Tower looks like after the declaration of #HealthEmergency
It's time to #stayhome
don't do meetings
no roast beef with your friends
it's #quarantine
Tag those who don't understand!
#covid19","[('spa', 1.0)]","Este edificio encendido no es la Torre Latinoamericana de MÃ©xico, sino el Empire State de Nueva York","This lit building is not the Latin American Tower in Mexico, but the Empire State Building in New York","[('spa', 1.0)]",,,
3,"[(1648580403.0, 'fb')]",False information,37,"(1552003140.0, 'https://factly.in/no-man-did-not-fake-deaf-and-dumb-for-62-years-the-reason-for-divorce-is-an-illicit-relationship/#6fd1ad62a3e9e46b66808eee878b5cc4')",spa,eng,The man who faked being deaf and dumb for 62 years to avoid listening to his wife is now facing divorce from his wife after she found out the truth.,The man who faked being deaf and dumb for 62 years to avoid listening to his wife is now facing divorce from his wife after she found out the truth.,"[('eng', 1.0)]",El hombre fingiÃ³ ser sordo y mudo durante 62 aÃ±os para evitar escuchar a su esposa.,The man pretended to be deaf and dumb for 62 years to avoid listening to his wife.,"[('spa', 1.0)]","No, man did not fake being deaf and dumb for 62 years","No, man did not fake being deaf and dumb for 62 years","[('eng', 1.0)]",,,
4,"[(1515949200.0, 'fb')]",Missing context,30,"(1645529160.0, 'https://factual.afp.com/doc.afp.com.323N6WB#e8f66f3e2c7edb2512dc1d8ebdd3cda5')",spa,spa,Ha fallecido Gabriela Morreale y la prensa ni lo menciona,Gabriela Morreale has passed away and the press doesn't even mention it,"[('spa', 1.0)]","A PESAR DE SUS LOGROS, ESTO NO ES NOTICIA.
Ha fallecido Gabriela Morreale de Castro: bioquÃ­mica, precursora de la detecciÃ³n precoz de hipotiroidismo congÃ©nito en reciÃ©n nacidos mediante la prueba del talÃ³n. La prensa ni lo menciona.","DESPITE HIS ACHIEVEMENTS, THIS IS NOT NEWS.
Gabriela Morreale de Castro has passed away: biochemist, precursor of the early detection of congenital hypothyroidism in newborns through the heel prick test. The press doesn't even mention it.","[('spa', 1.0)]","La cientÃ­fica Morreale muriÃ³ en 2017 y la prensa sÃ­ informÃ³, contrario a lo dicho en redes","The scientist Morreale died in 2017 and the press did report, contrary to what was said on networks","[('spa', 1.0)]",,,
5,"[(1656816124.0, 'fb')]",Altered photo/video.,2,"(1657251780.0, 'https://factcheck.afp.com/doc.afp.com.32DU27A#eaa4601d2d5eefd6d0e6a685cee1c657')",kor,eng,"Photos show NATO leaders in Madrid, Spain","Photos show NATO leaders in Madrid, Spain","[('eng', 1.0)]","ìŠ¤í˜ì¸ ë§ˆë“œë¦¬ë“œì—ì„œ ì—´ë¦° NATO ì •ìƒíšŒì˜. ìš°ì—°ì€ ì—†ë‹¤; ì´ ""ê¸°ê´´í•œ ì˜ˆìˆ ""ì˜ ë³¸ì§ˆì€ ë‹¹ì‹ ì—ê²Œ ë¬´ì—‡ì„ ë§í•´ì£¼ëŠ”ê°€?","NATO Summit in Madrid, Spain. There is no coincidence; What does the nature of this ""bizarre art"" tell you?","[('kor', 1.0)]",Doctored photos of world leaders with 'Satanic art' made by artist to criticise power,Doctored photos of world leaders with 'Satanic art' made by artist to criticise power,"[('eng', 1.0)]",,,
6,"[(1608091401.0, 'fb')]",False information,16,"(1608249540.0, 'https://healthfeedback.org/claimreview/the-american-medical-association-does-not-reject-nor-support-hydroxychloroquine-as-a-treatment-for-covid-19-nor-did-it-change-its-position-on-the-use-matter/#82043a81c975548cfd63ba8f15be4769')",eng,eng,"The AMA â€œreversed courseâ€, now â€œgiving the green light to doctors prescribing HCQ to their COVID patients.â€","The AMA â€œreversed courseâ€, now â€œgiving the green light to doctors prescribing HCQ to their COVID patients.â€","[('eng', 1.0)]",I'm old enough to remember when hydroxychloroquine was a kook theory from a kook president.,I'm old enough to remember when hydroxychloroquine was a kook theory from a kook president.,"[('eng', 1.0)]","The American Medical Association does not reject nor support hydroxychloroquine as a treatment for COVID-19, nor did it change its position on the use matter","The American Medical Association does not reject nor support hydroxychloroquine as a treatment for COVID-19, nor did it change its position on the use matter","[('eng', 1.0)]",,,
7,"[(1645240405.0, 'fb')]",False information,28,"(1647404520.0, 'https://factcheck.afp.com/doc.afp.com.324P2DC#14376e8d12419109c681a7425390ee9b')",kor,eng,Covid-19 vaccines alter human DNA,Covid-19 vaccines alter human DNA,"[('eng', 1.0)]","<íŠ¸ëœìŠ¤íœ´ë¨¼ : ìœ ì „ìë³€í˜•, í•˜ì´ë¸Œë¦¬ë“œ ì¡ì¢…, ì¸ê°„ê°œì¡°>

ì½”ë¡œë‚˜ë°±ì‹  ì ‘ì¢…ì€ ì¸ë¥˜ì— ëŒ€í•œ ì²œì¸ê³µë¡œí•  ìœ ì „ìë³€í˜• ìƒì²´ì‹¤í—˜ì…ë‹ˆë‹¤","<Transhuman: genetic modification, hybrid hybrid, human modification>

Corona vaccine inoculation is a genetically modified biological experiment that will be a blessing to mankind","[('kor', 1.0)]",False posts that Covid vaccines alter DNA share pre-pandemic photo,False posts that Covid vaccines alter DNA share pre-pandemic photo,"[('eng', 1.0)]",,,
8,"[(1612380187.0, 'fb'), (1612450113.0, 'fb'), (1604783176.0, 'fb')]",False information,44,"(1616525280.0, 'https://factual.afp.com/la-cita-sobre-el-exito-de-la-esclavitud-no-es-de-aristoteles-y-no-refleja-su-pensamiento#f591c3c3f7c080fa595004d9856736da')",spa,spa,"Cita de AristÃ³teles: ""La esclavitud nunca tiene tanto Ã©xito como cuando el esclavo estÃ¡ convencido de que es por su propio bien""","Aristotle Quote: ""Slavery is never so successful as when the slave is convinced that it is for his own good""","[('spa', 1.0)]",,,,La cita sobre el â€œÃ©xitoâ€ de la esclavitud no es de AristÃ³teles y no refleja su pensamiento,"The quote about the ""success"" of slavery is not from Aristotle and does not reflect his thinking","[('spa', 1.0)]","""La esclavitud
nunca tiene tanto
Ã©xito como
cuando el esclavo
estÃ¡ convencido
de que es por su
propio bien"" -
AristÃ³teles","""Slavery
never have so much
success as
when the slave
Is conviced
that it is for your
own good"" -
Aristotle","[('spa', 0.891075074672699), ('por', 0.10892493277788162)]"
9,"[(1648956190.0, 'fb')]",False information,8,"(1604050440.0, 'https://factcheck.afp.com/facebook-post-about-eco-friendly-hotel-singapore-was-not-shared-verified-account-sir-david#4c419aa64a14a5ac63ab65c6775fccd4')",spa,eng,Sir David Attenborough praises eco-friendly hotel in Singapore on Facebook,Sir David Attenborough praises eco-friendly hotel in Singapore on Facebook,"[('eng', 1.0)]",Eco edificio en Singapur ğŸ‡¸ğŸ‡¬ el primero en producir su propia electricidad con los mismos desechos del mismo edificio,Eco building in Singapore ğŸ‡¸ğŸ‡¬ the first to produce its own electricity with the same waste from the same building,"[('spa', 1.0)]",This Facebook post about an â€˜eco-friendlyâ€™ hotel in Singapore was not shared by a verified account for Sir David Attenborough,This Facebook post about an â€˜eco-friendlyâ€™ hotel in Singapore was not shared by a verified account for Sir David Attenborough,"[('eng', 1.0)]",,,
10,"[(1615191779.0, 'fb')]",False information,46,"(1617171480.0, 'https://factcheckkorea.afp.com/wen-daetongryeong-banmicinbug-1in-siwihaessda-2015nyeon-yeogsa-gyogwaseo-bandae-1in-siwi-sajin#17e5c06bbcba7d186715e1911f862a33')",kor,kor,ë¬¸ì¬ì¸ ëŒ€í†µë ¹ì´ ë°˜ë¯¸Â·ì¹œë¶ 1ì¸ ì‹œìœ„ë¥¼ ë²Œì˜€ë‹¤.,President Moon Jae-in held an anti-US and pro-North Korean one-man protest.,"[('kor', 1.0)]",,,,"æ–‡ ëŒ€í†µë ¹, ë°˜ë¯¸Â·ì¹œë¶ 1ì¸ ì‹œìœ„í–ˆë‹¤? 2015ë…„ ì—­ì‚¬ êµê³¼ì„œ ë°˜ëŒ€ 1ì¸ ì‹œìœ„ ì‚¬ì§„ ì¡°ì‘í•œ ê²ƒ","President Moon held an anti-US, pro-North Korean one-man protest? Manipulating photos of one-person protests against history textbooks in 2015","[('kor', 1.0)]","ì´ëŸ°í•œì‹¬í•œìê°€ ëŒ€í†µë ¹ì´ë€ë‹¤.
ë°˜ê³µë²•íì§€
êµ­ì •ì›íì§€
í•œë¯¸ë™ë§¹ë°˜ëŒ€
í†µì¼ì—°ë°©ì œ
ë¶ í•µì€ììœ„ì 
ì‹ ë¯¸ì£¼ë‹¹
ë¯¸ì¹˜ê´‘ì´ ê¹€ì •ì€ì˜ í•˜ìˆ˜ì¸.
ìˆëŠ” ëŒ€ìˆ˜ìˆ  9ì¼","This pathetic person is the president.
abolition of anti-communist law
abolition of the NIS
Opposition to the US-Korea alliance
unified federal system
North Korea's nuclear weapons are self-defense
Shinmijudang
The minion of the madman Kim Jong-un.
9 days of major surgery","[('kor', 0.9596902132034302)]"
11,"[(1627798567.0, 'fb')]",Partly false information,23,"(1628054940.0, 'https://factcheckkorea.afp.com/http%253A%252F%252Fdoc.afp.com%252F9JU82Q-1#dead5487c9a9e43c79bb2a777c964370')",kor,kor,ìŠ¤íƒ€ë²…ìŠ¤ê°€ í•œêµ­ ë‚´ ëª¨ë“  ë§¤ì¥ì„ ë‹«ê³  ì² ìˆ˜í•˜ê¸°ë¡œ í–ˆë‹¤,Starbucks to close all stores in Korea and withdraw,"[('kor', 1.0)]","ğŸ¯ë“œë””ì–´ StarBucks í•œêµ­ íƒˆì¶œâ— 
ğŸ¯Star Bucks Koreaì˜ ì£¼ì‹ì„ ì „ëŸ‰ ë§¤ê°. 
1580ê°œ ì í¬ íì‡„. 
ì „ì„¸ê³„ ë§¤ì¶œ 2ìœ„ í•œêµ­ì„ ë– ë‚œë‹¤â—","ğŸ¯Finally, StarBucks escaped from Koreaâ—
ğŸ¯Sell all stocks of Star Bucks Korea.
1580 stores closed.
Leaving Korea, the world's second-largest in sales","[('kor', 1.0)]","ìŠ¤íƒ€ë²…ìŠ¤, í•œêµ­ ë‚´ ëª¨ë“  ë§¤ì¥ ë‹«ëŠ”ë‹¤? íšŒì‚¬ ì¸¡ 'ì‚¬ì‹¤ë¬´ê·¼'",Starbucks to close all stores in Korea? Company's 'groundless',"[('kor', 1.0)]",,,
12,"[(1591848183.0, 'fb')]",False information,34,"(1592237340.0, 'https://factcheck.afp.com/image-shows-roma-camp-north-paris#29bd8c4911eeb447ce5b90bee961970a')",eng,eng,"Photo shows homeless people in Los Angeles, California","Photo shows homeless people in Los Angeles, California","[('eng', 1.0)]","Hmmmm

""THIS IS LOS ANGELES, CALIFORNIA. And they made us to believe that we can only find shanties & slums like this in Africa. This is what they hide from us until you go there and see for yourself...""","Hmmmm

""THIS IS LOS ANGELES, CALIFORNIA. And they made us to believe that we can only find shanties & slums like this in Africa. This is what they hide from us until you go there and see for yourself...""","[('eng', 1.0)]",The image shows a Roma camp in the north of Paris,The image shows a Roma camp in the north of Paris,"[('eng', 1.0)]",,,
13,"[(1634131174.0, 'fb')]",False information,22,"(1635319020.0, 'https://factcheckkorea.afp.com/http%253A%252F%252Fdoc.afp.com%252F9QG72F-1#769b54554cbdd0a1b9117ad392456e5e')",kor,kor,êµ­ê°€ìœ ê³µì ì¤‘ 50ë§Œ ëª…ì— ë‹¬í•˜ëŠ” ì¸ì›ì´ ì „ë¼ë„ ì¶œì‹ ì´ë‹¤,Nearly half a million people of national merit are from Jeollanam-do.,"[('kor', 1.0)]",,,,"ì „ë¼ë„ ì¶œì‹  êµ­ê°€ìœ ê³µì, 50ë§Œ ëª…ì— ë‹¬í•œë‹¤? ì •ë¶€ ê³µì‹ í†µê³„ë³´ë‹¤ ë†’ì€ ì˜ëª»ëœ ìˆ˜ì¹˜","The number of people of national merit from Jeolla-do is 500,000? Wrong figure higher than official government statistics","[('kor', 1.0)]","ì „ë¼ë„ì—ì„œë§Œ êµ­ê°€ìœ ê³µìê°€
50ë§Œì´ë¼ë‹ˆ.ì´ê²Œ
ë§ì´ë˜ë‚˜?ê¹€ëŒ€ì¤‘.ë…¸ë¬´í˜„ ì •ê¶Œí•˜ì—ì„œ
êµ­ê°€ìœ ê³µìê¹Œì§€ í•˜ë©´
70ë§Œëª…ì´ë‹¤.ì´ë“¤ ì§ê³„ê°€ì¡±ë“¤ ê¹Œì§€
í˜œíƒì„ ë°›ìœ¼ë‹ˆ ê·¸ ìˆ˜ëŠ” ìƒìƒì„ ì´ˆì›”
í•œë‹¤.103ë§Œ ê³µë¬´ì›ì¤‘ 60~70%ê°€
ì´ë“¤ ìœ ê³µìë“¤ì´ë‹¤.ì œë„ ì •ë¹„ê°€
ì‹œê¸‰í•˜ë‹¤.","Only in Jeolla Province, people of national merit
500,000. This is
Does it make sense? Under the Kim Dae-jung and Roh Moo-hyun regimes
Even national merit
700,000 people, including their immediate family
The number of benefits is beyond imagination
60~70% of 10.03 million civil servants
These are the people of merit.
urgent","[('kor', 1.0)]"
14,"[(1657414536.0, 'fb')]",False information,42,"(1657781880.0, 'https://factcheck.afp.com/doc.afp.com.32E83TB#ad44745b78bbf989ee38d2347c7a7758')",kor,eng,Trump statue erected on the site of a destroyed landmark in Georgia,Trump statue erected on the site of a destroyed landmark in Georgia,"[('eng', 1.0)]","ì—¬ëŸ¬ë¶„ì€ ì–´ë–»ê²Œ ìƒê°í•˜ì‹­ë‹ˆê¹Œ?
ì €ëŠ” ì„¬ì¹«í•˜ë„¤ìš”
í™©ê¸ˆ ìµœê³ ì˜ í‰í™”ì‹œëŒ€ê°€ ì ì‹œì˜¤êµ¬
ê·¸ ë’¤ì—ëŠ” ì •ë§ ë¬´ì„œìš´ 
ë‹¨ì¼í™” ã†ìš°ìƒì‹œëŒ€ê°€ ì˜¨ë‹¤ëŠ”ê²Œ
ë§ëŠ”ê²ƒ ê°™ìœ¼ë„¤ìš”","What do you think?
I'm terrified
The golden age of best peace is coming soon
after that it's really scary
Unification ã†The age of idols is coming
I guess that's right","[('kor', 1.0)]",Edited image misleads in posts claiming Trump statue replaced destroyed US monument,Edited image misleads in posts claiming Trump statue replaced destroyed US monument,"[('eng', 1.0)]","ìƒˆë¡œìš´ ì¡°ì§€ì•„ê°€ì´ë“œìŠ¤í†¤ì´ ì„¸ì›Œì¡Œì–´ìš”!!!
ìœ ì—”ë‰´ìŠ¤
ìŠ¹ì¸ 2022.07.08 22:45 | ìµœì¢… ìˆ˜ì • 2022.07.08 23:06
ìë£Œ:SpecialQForces sQuad
That new Georgia Guidestone is PERFECTO!!!
ê·¸ ìƒˆë¡œìš´ ì¡°ì§€ì•„ ê°€ì´ë“œìŠ¤í†¤ì€ ì™„ë²½í•´!!!
ì—¬ëŸ¬ë¶„ì€ ì–´ë–»ê²Œ ìƒê°í•˜ì‹­ë‹ˆê¹Œ??
ì˜ê²¬ 0
UNNEWS","A new Georgia guidestone has been established!!!
UN News
Approval 2022.07.08 22:45 | Last modified 2022.07.08 23:06
Material:SpecialQForces sQuad
That new Georgia Guidestone is PERFECTO!!!
That new Georgia guidestone is perfect!!!
What do you think??
0 comments
UNNEWS","[('kor', 0.6971482634544373), ('eng', 0.2676151394844055)]"
14,"[(1657414536.0, 'fb')]",False information,21,"(1657782000.0, 'https://factcheckkorea.afp.com/doc.afp.com.32E98RJ#522495d33c500f58df9e99ed72dddf31')",kor,kor,ì¡°ì§€ì•„ ê°€ì´ë“œìŠ¤í†¤ êµ¬ì¡°ë¬¼ ìë¦¬ì— íŠ¸ëŸ¼í”„ ë¯¸êµ­ ì „ ëŒ€í†µë ¹ì˜ ë™ìƒì´ ì„¸ì›Œì¡Œë‹¤.,A statue of former US President Donald Trump has been erected on the site of the Georgia Guidestone structure.,"[('kor', 1.0)]","ì—¬ëŸ¬ë¶„ì€ ì–´ë–»ê²Œ ìƒê°í•˜ì‹­ë‹ˆê¹Œ?
ì €ëŠ” ì„¬ì¹«í•˜ë„¤ìš”
í™©ê¸ˆ ìµœê³ ì˜ í‰í™”ì‹œëŒ€ê°€ ì ì‹œì˜¤êµ¬
ê·¸ ë’¤ì—ëŠ” ì •ë§ ë¬´ì„œìš´ 
ë‹¨ì¼í™” ã†ìš°ìƒì‹œëŒ€ê°€ ì˜¨ë‹¤ëŠ”ê²Œ
ë§ëŠ”ê²ƒ ê°™ìœ¼ë„¤ìš”","What do you think?
I'm terrified
The golden age of best peace is coming soon
after that it's really scary
Unification ã†The age of idols is coming
I guess that's right","[('kor', 1.0)]",ì´ ì‚¬ì§„ì€ 2010ë…„ ì´¬ì˜ëœ ì‚¬ì§„ì— íŠ¸ëŸ¼í”„ ç¾ ì „ ëŒ€í†µë ¹ í‰ìƒ ì‚¬ì§„ì„ í•©ì„±í•œ ê²ƒì´ë‹¤,This photo is a composite of a photo taken in 2010 and a bust of former US President Donald Trump.,"[('kor', 1.0)]","ìƒˆë¡œìš´ ì¡°ì§€ì•„ê°€ì´ë“œìŠ¤í†¤ì´ ì„¸ì›Œì¡Œì–´ìš”!!!
ìœ ì—”ë‰´ìŠ¤
ìŠ¹ì¸ 2022.07.08 22:45 | ìµœì¢… ìˆ˜ì • 2022.07.08 23:06
ìë£Œ:SpecialQForces sQuad
That new Georgia Guidestone is PERFECTO!!!
ê·¸ ìƒˆë¡œìš´ ì¡°ì§€ì•„ ê°€ì´ë“œìŠ¤í†¤ì€ ì™„ë²½í•´!!!
ì—¬ëŸ¬ë¶„ì€ ì–´ë–»ê²Œ ìƒê°í•˜ì‹­ë‹ˆê¹Œ??
ì˜ê²¬ 0
UNNEWS","A new Georgia guidestone has been established!!!
UN News
Approval 2022.07.08 22:45 | Last modified 2022.07.08 23:06
Material:SpecialQForces sQuad
That new Georgia Guidestone is PERFECTO!!!
That new Georgia guidestone is perfect!!!
What do you think??
0 comments
UNNEWS","[('kor', 0.6971482634544373), ('eng', 0.2676151394844055)]"
15,"[(1571672166.0, 'tw')]",,10,"(1572849540.0, 'https://factcheck.afp.com/video-lufthansa-aircraft-was-created-using-flight-simulator-programme#734d7eabef6809a176d441b4d187a269')",spa,eng,Bumpy landing of real Lufthansa flight,Bumpy landing of real Lufthansa flight,"[('eng', 1.0)]","Avion de lufthansa, se accideneta al querer aterrizar, la astucia del piloto evitÃ¡ que ocurra una gran tragedia","Lufthansa plane, crashes when trying to land, the cunning of the pilot prevents a great tragedy from happening","[('spa', 1.0)]",This video of a Lufthansa aircraft was created using a flight simulator programme,This video of a Lufthansa aircraft was created using a flight simulator programme,"[('eng', 1.0)]",,,
16,"[(None, 'fb')]",,3,"(1579275420.0, 'https://factcheck.afp.com/no-deaths-were-reported-several-people-suffered-injuries-following-bus-crash-zambias-milima-region#8e41eb222d4ca54aa89ebee51fa575ea')",eng,eng,"Bus crash claims 18 lives in Milima, Zambia","Bus crash claims 18 lives in Milima, Zambia","[('eng', 1.0)]",18 people have died in the power tools accident today at Milemi few kilometers from Kasama today at 16hrs.,18 people have died in the power tools accident today at Milemi few kilometers from Kasama today at 16hrs.,"[('eng', 1.0)]",No deaths were reported but several people suffered injuries following a bus crash in Zambiaâ€™s Milima region,No deaths were reported but several people suffered injuries following a bus crash in Zambiaâ€™s Milima region,"[('eng', 1.0)]",,,
17,"[(1616552850.0, 'fb'), (1616552973.0, 'fb'), (1616493207.0, 'fb')]",False information,45,"(1617697980.0, 'https://factcheckkorea.afp.com/korona19-doggamboda-yaghan-gamgi-baireoseuda-jeonmunga-korona19-yubalhaneun-sars-cov-2-gamgi#ecf6e27c64bc63b96b638520573044e8')",kor,kor,ì½”ë¡œë‚˜19ëŠ” ë…ê°ë³´ë‹¤ ì•½í•œ ê°ê¸° ë°”ì´ëŸ¬ìŠ¤ë‹¤.,COVID-19 is a cold virus that is weaker than the flu.,"[('kor', 1.0)]",,,,"ì½”ë¡œë‚˜19, ë…ê°ë³´ë‹¤ ì•½í•œ ê°ê¸° ë°”ì´ëŸ¬ìŠ¤ë‹¤? ì „ë¬¸ê°€ â€˜ì½”ë¡œë‚˜19 ìœ ë°œí•˜ëŠ” SARS-CoV-2, ê°ê¸° ë°”ì´ëŸ¬ìŠ¤ì™€ ë‹¬ë¼â€™",Is COVID-19 a weaker cold virus than the flu? Expert 'SARS-CoV-2 that causes Corona 19 is different from cold virus',"[('kor', 1.0)]","ì½œì˜¤ë‚˜ëŠ” ë…ê°ë³´ë‹¤ ì•½í•œ
ê°ê¸°ë°”ì´ëŸ¬ìŠ¤ë‹¤.
ëŒ€ë‹¤ìˆ˜ ê±´ê°•í•œ êµ­ë¯¼ì€
ìì—°ë©´ì—­ë ¥ìœ¼ë¡œ ì¹˜ìœ ê°€
ê°€ëŠ¥í•˜ë¯€ë¡œ ì½œì˜¤ë‚˜ë°±ì‹ ì„
ë§ì„ í•„ìš”ê°€ ì—†ë‹¤.
ì½œì˜¤ë‚˜ëŠ”
ìƒê¸°ë„ë°”ì´ëŸ¬ìŠ¤ì´ë¯€ë¡œ
ë°±ì‹ ìœ¼ë¡œ í˜ˆì•¡ ì†ì— ë§Œë“ 
ì¸ê³µì ì¸ í•­ì²´ì™€ ë§Œë‚  ìˆ˜ê°€
ì—†ì–´ ì§‘ë‹¨ë©´ì—­ì€
ë¶ˆê°€ëŠ¥í•˜ë‹¤.
ë°±ì‹ ì ‘ì¢…ì˜ ì´ìµì´ ë¶€ì‘ìš©
í”¼í•´ë³´ë‹¤ í¬ë‹¤ëŠ” ì£¼ì¥ì€
ê³¼í•™ì ì¸ ê·¼ê±°ê°€ ìˆë‚˜?","Kolona is weaker than the flu
a cold virus
Most healthy people
Healing with natural immunity
Because it is possible, the Kolona vaccine
no need to be right
Callona
Because upper respiratory tract virus
made in the blood as a vaccine
encounter with artificial antibodies
No herd immunity
impossible.
Vaccination benefits and side effects
claim that the damage is greater than
Is there any scientific basis?","[('kor', 0.971153974533081)]"
18,"[(1657223333.0, 'fb'), (1654696172.0, 'fb')]",False information.,0,"(1655739360.0, 'https://factcheck.afp.com/doc.afp.com.32CM7B6#ee0e1119e258f30f95f6876931cb0a51')",eng,eng,South Africa's PRASA hiring workers for railway,South Africa's PRASA hiring workers for railway,"[('eng', 1.0)]","PRASA is hiring for fixing of railway lines from Soweto to Johannesburg. Take your certified ID copy and Original ID book to Johannesburg Park Station, Prasa Offices. Kindly plug others.","PRASA is hiring for fixing of railway lines from Soweto to Johannesburg. Take your certified ID copy and Original ID book to Johannesburg Park Station, Prasa Offices. Kindly plug others.","[('eng', 1.0)]",Facebook posts falsely claim rail operator in South Africa has job openings for Soweto-Joâ€™burg route,Facebook posts falsely claim rail operator in South Africa has job openings for Soweto-Joâ€™burg route,"[('eng', 1.0)]",,,
19,"[(1596635492.0, 'fb')]",False information,14,"(1597120980.0, 'https://factcheck.afp.com/video-shows-road-chinas-guangdong-province#73cb3435c8766e61d685548dbdd4b24f')",eng,eng,"This video shows big potholes on a road in Mumbai, India","This video shows big potholes on a road in Mumbai, India","[('eng', 1.0)]","Vehicle suspension testing machine installed successfully by BMC in MUMBAI..
WHAT AN AMAZING TECHNOLOGY ... ğŸ‘‡","Vehicle suspension testing machine installed successfully by BMC in MUMBAI..
WHAT AN AMAZING TECHNOLOGY ... ğŸ‘‡","[('eng', 1.0)]",This video shows a road in Chinaâ€™s Guangdong province,This video shows a road in Chinaâ€™s Guangdong province,"[('eng', 1.0)]",,,
20,"[(1615337789.0, 'fb')]",False information,5,"(1617002880.0, 'https://factcheckkorea.afp.com/hyeolab-jeongsangsuci-hangugman-12080mmhg-sasil-anim-who-poham-segye-gaggug-bogeon-danggug-jeongsang#d3e79205ef53d05b01b4c3a32264d5ff')",kor,kor,"í˜ˆì•• ì •ìƒìˆ˜ì¹˜, í•œêµ­ë§Œ 120/80mmHgë‹¤.",Normal blood pressure is 120/80 mmHg in Korea alone.,"[('kor', 1.0)]",,,,"í˜ˆì•• ì •ìƒìˆ˜ì¹˜, í•œêµ­ë§Œ 120/80mmHg? ì‚¬ì‹¤ ì•„ë‹˜â€¦ WHO í¬í•¨, ì„¸ê³„ ê°êµ­ ë³´ê±´ ë‹¹êµ­ ì •ìƒ í˜ˆì•• 120/80mmHg ë¯¸ë§Œ ê¶Œê³ ","Blood pressure normal value, 120/80mmHg only in Korea? not true... WHO and other health authorities around the world recommend a normal blood pressure of less than 120/80 mmHg","[('kor', 1.0)]","í˜ˆì•• ì •ìƒìˆ˜ì¹˜
140/100
(mmHg)
WHO ì„±ì¸ í˜ˆì•• ê¶Œê³ ì¹˜ ì…ë‹ˆë‹¤
í•œêµ­ë§Œ 120/80....ì•½ íŒ”ì•„ ë¨¹ê¸°ìœ„í•´
ì˜ì‚¬í˜‘íšŒì˜ ì••ë ¥ì´ ì´ë ‡ê²Œ ë§‰ê°• í•©ë‹ˆë‹¤","normal blood pressure
140/100
(mmHg)
WHO recommendations for adult blood pressure
Only in Korea 120/80....To sell medicine
The pressure of the medical association is so strong","[('kor', 0.808708131313324), ('eng', 0.08710715919733047)]"
21,"[(1634160304.0, 'fb')]",Altered photo,48,"(1634637540.0, 'https://factcheck.afp.com/http%253A%252F%252Fdoc.afp.com%252F9PX8HQ-1#54b9de5760a2c26e1ec73c25f82bcc24')",kor,eng,This photo shows Kim Jong-un in 2021,This photo shows Kim Jong-un in 2021,"[('eng', 1.0)]",ê°™ì€ ê¹€ì •ì€ìœ¼ë¡œ ë³´ì´ì§€ ì•ŠëŠ”ë°.. ì§€ê¸ˆì€ ì„¸ìƒì—ì„œ ì¼ì–´ë‚˜ëŠ” ì¼ë“¤ì´ ë§ˆì¹˜ ì—°ê·¹ì´ë‚˜ ì˜í™”ë¥¼ ë³´ëŠ”ê²ƒ ê°™ë‹¤,"It doesn't look like the same Kim Jong-un, but what's happening in the world right now is like watching a play or a movie.","[('kor', 1.0)]",This photo has been digitally doctored to make Kim Jong-un look thinner,This photo has been digitally doctored to make Kim Jong-un look thinner,"[('eng', 1.0)]",,,
22,"[(1647795974.0, 'fb')]",False information,33,"(1648020300.0, 'https://factcheckkorea.afp.com/doc.afp.com.326M97J#6bbf9f84d77c36e43171c6ef6915837d')",kor,kor,ì½”ë¡œë‚˜19 ë°±ì‹  ì ‘ì¢…ì„ ë§ˆì¹œ í˜¸ì£¼ ì˜ì‚¬ê°€ ìˆ˜ìˆ  ë„ì¤‘ ì“°ëŸ¬ì§€ëŠ” ëª¨ìŠµì´ë‹¤,Australian doctor who has been vaccinated against COVID-19 collapses during surgery,"[('kor', 1.0)]","ìš°ë¦¬ëŠ” ë°±ì‹  ìº í˜ì¸ ì´í›„ ì“°ëŸ¬ì§€ëŠ” ì—¬ëŸ¬ ìŠ¤í¬ì¸ ë§¨, ê¸°ì, ì¸í„°ë·°ë¥¼ ë³´ì•˜ìŠµë‹ˆë‹¤.
 ë¬¼ë¡  ìš°ë¦¬ëŠ” ì‹¤ì œë¡œ ì¹´ë©”ë¼ ì•ì— ìˆëŠ” ì¥ë©´ë§Œ ë³¼ ìˆ˜ ìˆìŠµë‹ˆë‹¤.

 ë” ë‚˜ìœ ê²ƒì€ ë‹¤ë¥¸ ì‚¬ëŒë“¤ì˜ ì‚¶ì„ ì±…ì„ì§€ëŠ” ì‚¬ëŒë“¤ì—ê²Œ ì¼ì–´ë‚  ë•Œì…ë‹ˆë‹¤ ...","We've seen several sportsmen, journalists, and interviews fall apart after the vaccine campaign.
 Of course, we can only see the scene that is actually in front of the camera.

 Even worse is when it happens to those who take responsibility for the lives of others...","[('kor', 1.0)]",ì´ ì˜ìƒì€ ì½”ë¡œë‚˜19 ë°±ì‹ ì´ ì¶œì‹œë˜ê¸° ì´ì „ì¸ 2020ë…„ 1ì›” ì¤‘êµ­ì—ì„œ ì´¬ì˜ëœ ê²ƒì´ë‹¤,"This video was filmed in China in January 2020, before the COVID-19 vaccine was released.","[('kor', 1.0)]",,,
23,"[(1625899875.0, 'fb')]",Partly false information,15,"(1626300624.0, 'https://www.usatoday.com/story/news/factcheck/2021/07/14/fact-check-image-purported-electric-car-cemetery-taken-china/7938854002/#9ba2e01971e016d6866c4d197e71aa8a')",spa,eng,Image shows electric car 'cemetery' in France,Image shows electric car 'cemetery' in France,"[('eng', 1.0)]","Se acuerdan cuando decÃ­an que los autos elÃ©ctricos eran relativamente mÃ¡s ecolÃ³gicos?

Ahora es hermoso verlos crecer libres en la naturaleza ğŸ¤—","Remember when they said that electric cars were relatively more ecological?

Now it's beautiful to see them grow free in nature ğŸ¤—","[('spa', 1.0)]",Fact check: Viral image of an electric car 'cemetery' shows vehicles from a ride-share company in China,Fact check: Viral image of an electric car 'cemetery' shows vehicles from a ride-share company in China,"[('eng', 1.0)]",,,
24,"[(1648054763.0, 'tw')]",,9,"(1648657920.0, 'https://factcheck.afp.com/doc.afp.com.3278898#466431b30fedcb013034105541f25301')",eng,eng,Leaves on trees prove Biden staged photo of departure to Europe,Leaves on trees prove Biden staged photo of departure to Europe,"[('eng', 1.0)]","@POTUS This is a live shot of The White House today. The trees are mostly bare and the weather is overcast. 

Your administration is a propaganda machine spreading misinformation. 

Everything you do and say is a lie.","@POTUS This is a live shot of The White House today. The trees are mostly bare and the weather is overcast. 

Your administration is a propaganda machine spreading misinformation. 

Everything you do and say is a lie.","[('eng', 1.0)]",White House trees do not prove Joe Biden staged departure photo,White House trees do not prove Joe Biden staged departure photo,"[('eng', 1.0)]",,,
25,"[(1657154221.0, 'fb')]",False information,17,"(1591094580.0, 'https://factcheck.afp.com/clip-actually-shows-bee-attack-outside-mall-nicaragua#755dead70ecd58544f77b7c306144147')",spa,eng,Video shows Asian giant hornet attack in US in May 2020,Video shows Asian giant hornet attack in US in May 2020,"[('eng', 1.0)]","UN ATAQUE DE AVISPONES...TENGO ENTENDIDO ES EN LOS ESTADOS UNIDOS.   OJO.
CUANDO HAYA UN PANAL HAY QUE MANTENER LA CALMA.  LOS RUIDOS Y MOVIMIENTOS BRUSCOS LAS ALTERAN.","A HORNET ATTACK...I UNDERSTAND IT IS IN THE UNITED STATES. EYE.
WHEN THERE IS A HONEYCOMB YOU HAVE TO KEEP CALM. THE NOISES AND SURPRISING MOVEMENTS ALTER THEM.","[('spa', 1.0)]",This clip actually shows a bee attack outside a mall in Nicaragua,This clip actually shows a bee attack outside a mall in Nicaragua,"[('eng', 1.0)]",,,
26,"[(1621922036.0, 'fb')]",False information,20,"(1622460360.0, 'https://factcheck.afp.com/stonehenge-restoration-photos-shared-alongside-false-claim-monument-was-built-1950s#36fa4b6b1788ec94880e73699fc77341')",kor,eng,Photographs show British prehistoric monument of Stonehenge was artificially created in 1954,Photographs show British prehistoric monument of Stonehenge was artificially created in 1954,"[('eng', 1.0)]",ë‚¨ì˜ê²ƒ ëºì–´ê°€ì„œ ê°€ì§œ ìœ ì ì§€ë¥¼ ë§Œë“¤ê³  ìš°ë¦¬ë‚˜ë¼ ì§„ì§œ ìœ ì ì§€ëŠ” ì¥ë‚œê°ìœ¼ë¡œ ë®ìœ¼ë ¤í•˜ëŠ” ë§í• ë†ˆë“¤!!,Damn people who take other people's things and make fake ruins and cover up real ruins in Korea with toys!!,"[('kor', 1.0)]",Stonehenge restoration photos shared alongside false claim monument was 'built in 1950s',Stonehenge restoration photos shared alongside false claim monument was 'built in 1950s',"[('eng', 1.0)]",,,
27,"[(1646032311.0, 'fb'), (1646032334.0, 'fb')]",False information,25,"(1646931360.0, 'https://factual.afp.com/doc.afp.com.324V7AB#dd0bb9b41359f1a37e647a76e3f08a89')",spa,spa,Video muestra piloto ucraniano escapando de ataque ruso,Video shows Ukrainian pilot escaping Russian attack,"[('spa', 1.0)]","Un piloto ucraniano denominado el fantasma de Kiev  combatiendo y esquivando el ataque ruso  el hÃ©roe que derivo 6 aviones ruso 
 amÃ©n para ese valiente piloto ğŸ™ğŸ™ğŸ™ğŸ™ğŸ™","A Ukrainian pilot called the ghost of kyiv fighting and dodging the Russian attack the hero who drifted 6 Russian planes
 amen for that brave pilot ğŸ™ğŸ™ğŸ™ğŸ™ğŸ™","[('spa', 1.0)]","Video de un aviÃ³n que esquiva disparos pertenece a un videojuego, no a un ataque en Ucrania","Video of a plane dodging gunfire belongs to a video game, not an attack in Ukraine","[('spa', 1.0)]",,,
28,"[(1599651574.0, 'fb')]",False information,40,"(1631865540.0, 'https://factcheckkorea.afp.com/http%253A%252F%252Fdoc.afp.com%252F9MZ7DT-1#ebcc5d3791a0e87ee21e95b3f6bc4add')",kor,kor,Covid-19ê°€ ì¸ê³µ ì§€ëŠ¥ ë°±ì‹  ì ‘ì¢… ì‹ë³„ ì¸ì¦ì„œë¼ëŠ” ëœ»ì´ë‹¤,It means Covid-19 is Artificial Intelligence Vaccination Identification Certificate,"[('kor', 1.0)]","ì´íƒœë¦¬ ì˜ì‚¬ì˜ ì½”ë¡œë‚˜ ê²€ì‚¬ì™€ ë°±ì‹ ì—ëŒ€í•œ 
ê²½ê³ â€¼ï¸â€¼ï¸

ê¼¬ë¡œë†”ì£¼ì†¨ì•ˆë¼!ê²½ê³ ì•¼!ã‚³ãƒ­ãƒŠãƒ¯ã‚¯ãƒãƒ³ã‘è­¦å‘Š

ì¦‰ì‚­ì œê° ì˜ìƒì´ë¼ ë˜ ë‚´ ë†€ë°©ì˜ìƒì´ë‘ ì§¬ë½•í•´ì„œ 
ì˜¬ë ¤ë†¨ì§€ìš©~ã…

êµ¬ë…ê³¼ ì¢‹ì•„ìš” ì£¼ì„¸ìš©~ğŸ’•ğŸ’•","Italian doctors about coronavirus tests and vaccines
Warningâ€¼ï¸â€¼ï¸

Don't let it go! It's a warning! Coronawakchinkeè­¦å‘Š

It's a deleted video, so it's mixed with my playroom video.
I uploaded it~

Please subscribe and like~ğŸ’•ğŸ’•","[('kor', 1.0)]","Covid-19, 'ì¸ê³µ ì§€ëŠ¥ ë°±ì‹  ì ‘ì¢… ì‹ë³„ ì¸ì¦ì„œ'ë¼ëŠ” ëœ»ì´ë‹¤? 'ì½”ë¡œë‚˜, ë°”ì´ëŸ¬ìŠ¤, ì§ˆë³‘, 2019'ì˜ ì˜ë¬¸ í•©ì„±ì–´","What does Covid-19 mean 'Artificial Intelligence Vaccination Identification Certificate'? English compound word of 'corona, virus, disease, 2019'","[('kor', 1.0)]",,,
29,"[(1601298279.0, 'fb')]",Partly false information,36,"(1601460480.0, 'https://factcheck.afp.com/video-actually-shows-cashew-shaped-biscuits-being-made#3da7f142f60555ca3d0f21d14ebcf739')",eng,eng,"Fake cashew nuts made from flour and chemicals in Kerala state, India","Fake cashew nuts made from flour and chemicals in Kerala state, India","[('eng', 1.0)]","Fake Cashewnuts, made in Kerala. Prepared by mixing maida and some chemicals, which gives the same taste of original cashew nuts cost per Kg is only Rs.300 to Rs.400.
Create awareness by sharing in your the groups","Fake Cashewnuts, made in Kerala. Prepared by mixing maida and some chemicals, which gives the same taste of original cashew nuts cost per Kg is only Rs.300 to Rs.400.
Create awareness by sharing in your the groups","[('eng', 1.0)]",This video actually shows cashew-shaped biscuits being made,This video actually shows cashew-shaped biscuits being made,"[('eng', 1.0)]",,,
30,"[(1648089860.0, 'fb')]",Partly false information,41,"(1648553400.0, 'https://factcheck.afp.com/doc.afp.com.326V4PP#6b9dfef90f1d15c6dec213bc5e6585e3')",kor,eng,A massive fire broke out at the Fukushima nuclear power plant after the March 16 earthquake in eastern Japan,A massive fire broke out at the Fukushima nuclear power plant after the March 16 earthquake in eastern Japan,"[('eng', 1.0)]","â˜…ê¸´ê¸‰] ì¼ë³¸ í›„ì¿ ì‹œë§ˆ ì›ì „ì—ì„œ í™”ì¬ ë°œìƒ...ì¼ë³¸ ì •ë¶€, ì£¼ë³€ ì§€ì—­ì— ê¸´ê¸‰ëŒ€í”¼ë ¹ ì„ í¬â˜…
","â˜…Emergency] A fire breaks out at the Fukushima nuclear power plant in Japan...The Japanese government declares an emergency evacuation order in the surrounding areaâ˜…
","[('kor', 1.0)]",Social media users share misleading Fukushima plant claim after Japan earthquake,Social media users share misleading Fukushima plant claim after Japan earthquake,"[('eng', 1.0)]","[ì†ë³´] ì¼ë³¸ í›„ì¿ ì‹œë§ˆ ì›ì „
ë¶‰ì€ í™”ì—¼ì— íœ©ì‹¸ì¸ ìƒí™©
í˜„ì¬ìƒí™©
""ì£½ê³ ì‹¶ì§€ ì•Šë‹¤ë©´ ì§€ê¸ˆ ë‹¹ì¥ ë„ë§ì³ì•¼í•œë‹¤â€
ê¸´ê¸‰ëŒ€í”¼ë ¹ ë‚´ë ¤ì§„ íì¿ ì‹œë§ˆ 7:34","[Breaking News] Japan's Fukushima Nuclear Power Plant
engulfed in red flames
current situation
""If you don't want to die, you have to run away now.""
Hkushima, where an emergency evacuation order was issued 7:34","[('kor', 0.9320526123046875)]"
31,"[(1643717173.0, 'fb')]",Missing context,13,"(1644469680.0, 'https://factcheckkorea.afp.com/doc.afp.com.9Z82PQ#cdd9990cb89b1a4cdcd68ab0facf2fb8')",kor,kor,ì¼ë³¸ ì œì•½ì‚¬ê°€ êµ¬ì¶©ì œ ì´ë²„ë©•í‹´ ì„ìƒ 3ìƒì—ì„œ ì˜¤ë¯¸í¬ë¡  ì¹˜ë£Œ íš¨ê³¼ë¥¼ ë°œê²¬í–ˆë‹¤,"A Japanese pharmaceutical company discovered the efficacy of Omicron treatment in phase 3 clinical trial of ivermectin, an anthelmintic drug","[('kor', 1.0)]","ë¡œì´í„°í†µì‹ ì— ë”°ë¥´ë©´ ì½”ì™€ëŠ” ì„ìƒ 3ìƒ ì‹œí—˜ ê²°ê³¼ ""ì´ë²„ë©•í‹´ì´ ì˜¤ë¯¸í¬ë¡  ë³€ì´ì— ëŒ€í•œ í•­ë°”ì´ëŸ¬ìŠ¤ íš¨ê³¼ê°€ ìˆë‹¤ëŠ” ê²ƒì„ í™•ì¸í–ˆë‹¤""ê³  31ì¼ ë°œí‘œí–ˆë‹¤.","According to Reuters, Kowa announced on the 31st that the results of the phase 3 clinical trial ""confirmed that ivermectin has an antiviral effect against omicron mutations.""","[('kor', 1.0)]","ì¼ë³¸ ì œì•½ì‚¬, êµ¬ì¶©ì œ ì´ë²„ë©•í‹´ ì„ìƒ 3ìƒì—ì„œ ì˜¤ë¯¸í¬ë¡  ì¹˜ë£Œ íš¨ê³¼ ë°œê²¬í–ˆë‹¤? ì˜¤ë³´ì— ê¸°ë°˜í•œ ì˜ëª»ëœ ì •ë³´","Japanese pharmaceutical company discovered the effect of Omicron treatment in phase 3 clinical trial of ivermectin, an anthelmintic drug? Misinformation based on misinformation","[('kor', 1.0)]",,,
32,"[(1610424636.0, 'fb')]",,19,"(1610566980.0, 'https://factcheck.afp.com/quotes-us-democrats-falsely-characterized-calls-violence#f667dae58edeb0d1158a5e5aa0ba94d7')",spa,eng,Democrats have incited unrest,Democrats have incited unrest,"[('eng', 1.0)]","ğŸš¨ğŸš¨ğŸš¨ğŸš¨BREAKING NEWSğŸš¨ğŸš¨ğŸš¨ğŸš¨ğŸš¨
EL PRESIDENTE TRUMP ACTIVA LA LEY DE INSURRECCIÃ“N. LOS MILITARES HAN TOMADO EL CONTROL. 

ESTOS DÃAS ANTES DEL 20 DE ENERO SERÃN MUY FUERTES. YA COMENZARON LOS APAGONES EN VARIOS PAÃSES DEL MUNDO Y TAMBIÃ‰N LOS ARRESTOS.

MR. ROMERO TV.","ğŸš¨ğŸš¨ğŸš¨ğŸš¨BREAKING NEWSğŸš¨ğŸš¨ğŸš¨ğŸš¨ğŸš¨
PRESIDENT TRUMP ACTIVATES THE INSURRECTION LAW. THE MILITARY HAVE TAKEN CONTROL.

THESE DAYS BEFORE JANUARY 20 WILL BE VERY STRONG. THE BLACKOUTS HAVE ALREADY BEGUN IN SEVERAL COUNTRIES OF THE WORLD AND ALSO THE ARRESTS.

MR. ROMEROTV.","[('spa', 1.0)]",Quotes from US Democrats falsely characterized as calls for violence,Quotes from US Democrats falsely characterized as calls for violence,"[('eng', 1.0)]",,,
33,"[(1596341010.0, 'fb')]",False information,38,"(1596524280.0, 'https://factcheck.afp.com/photo-shows-street-parade-switzerland-covid-19-pandemic#90ccd0c9a78e293b06f26d7a9cef3ee6')",eng,eng,"Photo shows 1.3 million protestors against COVID-19 restrictions in Berlin, Germany","Photo shows 1.3 million protestors against COVID-19 restrictions in Berlin, Germany","[('eng', 1.0)]",,,,This photo shows a street parade in Switzerland before the COVID-19 pandemic,This photo shows a street parade in Switzerland before the COVID-19 pandemic,"[('eng', 1.0)]","Protest in Berlin today against the CV Lockdown and
tyranny
MSM says 20-25K protesters with most headlines
says ""thousands of people""...000
According to police:
800,000 to 1,300,000,000
KELLER
4444","Protest in Berlin today against the CV Lockdown and
tyranny
MSM says 20-25K protesters with most headlines
says ""thousands of people""...000
According to police:
800,000 to 1,300,000,000
KELLER
4444","[('eng', 0.9926390647888184)]"
34,"[(1614423140.0, 'fb')]",False information,49,"(1615544040.0, 'https://factcheck.afp.com/no-video-was-originally-uploaded-satire-greece-based-facebook-user#ff5cfa4cd5136d97ef80065337cc186d')",eng,eng,Video shows face masks from China inserted with RFID chips,Video shows face masks from China inserted with RFID chips,"[('eng', 1.0)]","Made in China masks are made of plastic, sprayed with chemicals and often contain RFID chips. (44 seconds) Single-use masks are typically made from polypropylene, a petrol fuel-derived plastic that can take hundreds of years to break down.","Made in China masks are made of plastic, sprayed with chemicals and often contain RFID chips. (44 seconds) Single-use masks are typically made from polypropylene, a petrol fuel-derived plastic that can take hundreds of years to break down.","[('eng', 1.0)]","No, the video was originally uploaded as satire by a Greece-based Facebook user","No, the video was originally uploaded as satire by a Greece-based Facebook user","[('eng', 1.0)]",,,
35,"[(1657679623.0, 'fb')]",False information,35,"(1595888201.0, 'https://leadstories.com/hoax-alert/2020/07/fact-check-military-vanguard-11-billion-dollar-border-wall-did-not-blow-down-in-hurriane-hanna.html#9e281cdd4449c46a757f858177491e1e')",spa,eng,A section of the $11 Billion Dollar Wall blew over during Hurricane Hanna,A section of the $11 Billion Dollar Wall blew over during Hurricane Hanna,"[('eng', 1.0)]",â€ªLas fuertes rÃ¡fagas de viento de la tormenta tropical #Hanna ocasionaron la caÃ­da de una parte del muro fronterizo entre Estados Unidos y MÃ©xico. â€¬,Strong gusts of wind from tropical storm #Hanna caused part of the border wall between the United States and Mexico to fall.,"[('spa', 1.0)]",Fact Check: $11 Billion Dollar Border Wall Did NOT Blow Down In Hurricane Hanna,Fact Check: $11 Billion Dollar Border Wall Did NOT Blow Down In Hurricane Hanna,"[('eng', 1.0)]",,,
36,"[(1629350087.0, 'fb')]",Partly false information,47,"(1629405502.0, 'https://colombiacheck.com/chequeos/de-nuevo-de-roux-no-dijo-que-policias-y-soldados-no-estaban-secuestrados-sino-pagando#8c09ff1a31de265207de51d8c147dfe6')",spa,spa,De Roux dijo que policÃ­as y soldados secuestrados estaban pagando cÃ¡rcel,De Roux said that kidnapped policemen and soldiers were serving jail time,"[('spa', 1.0)]","Este sacerdote izquierdozo , es uno de los integrantes de la comisiÃ³n de la verdad , segÃºn los acuerdos de la habana .","This leftist priest is one of the members of the truth commission , according to the Havana accords .","[('spa', 1.0)]","De nuevo, De Roux no dijo que policÃ­as y soldados â€˜no estaban secuestrados sino pagando cÃ¡rcel en la selvaâ€™","Again, De Roux did not say that police and soldiers ""were not kidnapped but were serving jail in the jungle.""","[('spa', 1.0)]","""Los Soldados y PolicÃ­as no
estaban Secuestrados.
Ellos estaban Pagando CÃ¡rcel
allÃ¡ en la Selva""
Francisco de Roux
HÃ¡ganme el hp favor!","""Soldiers and policemen do not
They were kidnapped.
They were paying jail
there in the jungle""
Francis of Roux
Do me the hp please!","[('spa', 0.851275622844696), ('spa', 0.14872440695762634)]"
37,"[(1613773263.0, 'fb')]",False information,31,"(1614162540.0, 'https://factcheck.afp.com/photo-shows-anti-government-protest-bucharest-2017-not-2021#c82a2c6044eb82e318824c56f774c359')",kor,eng,Photo shows anti-coronavirus restrictions protest in Bucharest in 2021,Photo shows anti-coronavirus restrictions protest in Bucharest in 2021,"[('eng', 1.0)]",ì½”ë¡œë‚˜ ë°”ì´ëŸ¬ìŠ¤ë¥¼ ì´ìš©í•œ ì •ë¶€ì˜ í†µì œì— ë°˜ë°œí•´ì„œ ì¼ì–´ë‚œ ë£¨ë§ˆë‹ˆì•„ êµ­ë¯¼ë“¤. êµ­ë¯¼ë“¤ì´ ì´ ì •ë„ë§Œ ê¹¨ì–´ìˆì–´ë„ ì¢‹ê² ë‹¤.,Romanians protested against government controls using the coronavirus. I wish people could just stay awake like this.,"[('kor', 1.0)]","This photo shows an anti-government protest in Bucharest in 2017, not 2021","This photo shows an anti-government protest in Bucharest in 2017, not 2021","[('eng', 1.0)]",,,
38,"[(1610431026.0, 'fb')]",False information,29,"(1610709600.0, 'https://factcheck.afp.com/social-media-posts-mislead-south-korean-coronavirus-vaccine#a4efffddb8ee919453b86c3a9b4b9fee')",kor,eng,The free Covid-19 vaccines South Korea plans to offer will be from Celltrion.,The free Covid-19 vaccines South Korea plans to offer will be from Celltrion.,"[('eng', 1.0)]",,,,Social media posts mislead on South Korean coronavirus vaccine,Social media posts mislead on South Korean coronavirus vaccine,"[('eng', 1.0)]","2021
CTIVE
ì‚¬
PONAR
1044
ë‹¤ìŒ ë‹¬ë¶€í„° ë°±ì‹  ì ‘ì¢… ì‹œì‘ì „ êµ­ë¯¼ ë¬´ë£Œ ì ‘ì¢…
ë³´ê±´ ë³µì§€ë¶€.....10ë²ˆ ì „í™”í•´ ì–´ë–¤ ì¢…ë¥˜ì˜ ë°±ì‹  ì´ëƒê³ 
ê³„ì† ì „í™” í–ˆë”ë‹ˆ....ì†”ì§íˆ ë‹µí•˜ë„¤ìš”
í™”ì´ìâ€¤ëª¨ë°ë‚˜.ì•„ìŠ¤íŠ¸ë¼..........ì•„ë‹ˆê³ 
ë¬´ë£ŒëŠ” ì…€íŠ¸ë¦¬ì˜¨ ì´ë¼ê³ ","2021
CTIVE
buy
PONAR
1044
Free vaccinations for the public before the start of vaccination starting next month
Ministry of Health and Welfare.....Call 10 to find out what kind of vaccine
I kept calling....I answer honestly.
Pfizer, Modena, Astra....not
Celltrion for free","[('kor', 0.8895023465156555), ('eng', 0.028071150183677673)]"
39,"[(1629960123.0, 'fb')]",Partly false information,11,"(1630948200.0, 'https://factual.afp.com/http%253A%252F%252Fdoc.afp.com%252F9MC2V9-1#66e5c18d17332346a0a76d83f05ecec9')",spa,spa,"En agosto de 2021 se registrÃ³ el primer caso de lambda en MÃ©xico, en Colima","In August 2021, the first case of lambda was registered in Mexico, in Colima","[('spa', 1.0)]","Ãšltimo momento

Detectan el primer caso de la variante Lambda en MÃ©xico. 
Exactamente fue en el estado de Colima.
Se habla de que la variante Lambda es mas peligrosa que la variante Delta.","Last moment

They detect the first case of the Lambda variant in Mexico.
It was exactly in the state of Colima.
It is said that the Lambda variant is more dangerous than the Delta variant.","[('spa', 1.0)]",La variante lambda del virus que causa el covid-19 circula en MÃ©xico desde abril de 2021,The lambda variant of the virus that causes covid-19 has been circulating in Mexico since April 2021,"[('spa', 1.0)]",,,
40,"[(1613014349.0, 'fb')]",,24,"(1613723340.0, 'https://factcheck.afp.com/fabricated-report-falsely-claims-italian-police-arrested-scores-paedophile-cardinals-vatican#151e5c5f58bf67b27df7a9fccdaa5d53')",kor,eng,Italy raided Vatican City and arrested scores of paedophile priests,Italy raided Vatican City and arrested scores of paedophile priests,"[('eng', 1.0)]","{ì†ë³´}ì´íƒˆë¦¬ì•„ ê²½ì°° & êµ°ë¶€ëŒ€ê°€ ë°”í‹°ì¹¸ ì‹œë¥¼ ìŠµê²©í•˜ê³  ì†Œì•„ì„±ì• ì ì¶”ê¸°ê²½ ì²´í¬ | UNnews ìœ ì—”ë‰´ìŠ¤ ìœ ì—”ì‹ ë¬¸
","{Breaking} Italian Police & Military Units Assault Vatican City and Arrest Pedophile Cardinal | UNnews UN News UN Newspaper
","[('kor', 1.0)]",Fabricated report falsely claims Italian police 'arrested scores of paedophile cardinals' in Vatican,Fabricated report falsely claims Italian police 'arrested scores of paedophile cardinals' in Vatican,"[('eng', 1.0)]",,,
41,"[(1614775405.0, 'fb')]",Missing context.,6,"(1615258440.0, 'https://factcheckkorea.afp.com/hoju-nyusauseuweiljeu-maseukeu-yimuhwa-eobsi-korona19-jongsig-seoneonhaessda-sanghwange-ddareun#e64fad7bf14bcde636f2412319b8c73d')",kor,kor,"í˜¸ì£¼ ë‰´ì‚¬ìš°ìŠ¤ì›¨ì¼ì¦ˆ, ë§ˆìŠ¤í¬ ì˜ë¬´í™” ì—†ì´ ì½”ë¡œë‚˜19 ì¢…ì‹ ì„ ì–¸í–ˆë‹¤.","New South Wales, Australia declares an end to COVID-19 without compulsory masks.","[('kor', 1.0)]","ì½”ë¡œë‚˜ëŠ” ê°ê¸°ìˆ˜ì¤€ë„ ì•ˆë¼. ë§ˆìŠ¤í¬ì•ˆì“°ê¸° ë° ììœ¨ ìš´ë™í•˜ì

*í˜¸ì£¼ ì¸êµ¬ ì œì¼ ë§ì€  NSWì£¼ ì½”ë¡œë‚˜ì¢…ì‹ì„ ì–¸. í•œ ë‹¬ ì§¸ ë§ˆìŠ¤í¬ì•ˆì“°ê³  ì½”ë¡œë‚˜ê°ì—¼ 0,
*ë¯¸êµ­ í…ì‚¬ìŠ¤ì£¼ í¬í•¨ 16ê°œì£¼ ë§ˆìŠ¤í¬ ììœ¨ì— ë§¡ê¹€.í„","Corona is not even at the level of a cold. Let's not wear a mask and exercise autonomously

* NSW has the largest population in Australia. Corona infection 0 without wearing a mask for a month,
* 16 states, including Texas, leave masks to autonomy.","[('kor', 1.0)]","í˜¸ì£¼ ë‰´ì‚¬ìš°ìŠ¤ì›¨ì¼ì¦ˆ, ë§ˆìŠ¤í¬ ì˜ë¬´í™” ì—†ì´ ì½”ë¡œë‚˜19 ì¢…ì‹ ì„ ì–¸í–ˆë‹¤? ìƒí™©ì— ë”°ë¥¸ ë§ˆìŠ¤í¬ ì˜ë¬´í™” ì‹œí–‰â€¦ í•´ì™¸ìœ ì… ì‹ ê·œ ê°ì—¼ì ì—¬ì „íˆ ê¸°ë¡ ì¤‘","New South Wales, Australia declares an end to COVID-19 without compulsory masks? Enforcement of mandatory mask according to the situation... New infections imported from overseas are still being recorded","[('kor', 1.0)]",,,
42,"[(1565199899.0, 'fb'), (1574096168.0, 'fb')]",False information,32,"(1577491560.0, 'https://factual.afp.com/el-oso-polar-es-de-peluche-pero-la-especie-es-considerada-vulnerable#3df4efff19eb96e5298b54ff9c7af636')",spa,spa,Un oso polar reciÃ©n nacido,A newborn polar bear,"[('spa', 1.0)]",Soy un Oso Polar recien nacido y me estoy extinguiendo... pero como no soy un meme no me harÃ¡s viral...,I'm a newborn Polar Bear and I'm going extinct... but since I'm not a meme you won't make me viral...,"[('spa', 1.0)]","El oso polar es de peluche, pero la especie es considerada vulnerable","The polar bear is cuddly, but the species is considered vulnerable","[('spa', 1.0)]",,,
43,"[(1520127049.0, 'fb')]",False information,7,"(1583947680.0, 'https://factual.afp.com/el-nino-no-duerme-entre-las-tumbas-de-sus-padres-en-siria-fue-una-puesta-en-escena-de-un-estudiante#bd7b5ff4c9d4f8e7a5721c1b1376888a')",spa,spa,La imagen de un niÃ±o sirio que duerme junto a las tumbas de sus padres,The image of a Syrian child who sleeps next to the graves of his parents,"[('spa', 1.0)]","Una vez mÃ¡s, mas naciones miran hacia otro lado, mientras un niÃ±o duerme al lado de las tumbas de sus padres muertos en Siria.

La indiferencia del mundo es cÃ³mplice de esta tragedia ğŸ˜¢","Once again, more nations look the other way, while a child sleeps next to the graves of his dead parents in Syria.

The indifference of the world is an accomplice to this tragedy ğŸ˜¢","[('spa', 1.0)]","El niÃ±o no duerme entre las tumbas de sus padres en Siria, fue una puesta en escena de un estudiante de fotografÃ­a","The boy does not sleep between the graves of his parents in Syria, it was a staging by a photography student","[('spa', 1.0)]",,,
44,"[(1637174252.0, 'fb')]",False information,12,"(1638331200.0, 'https://factcheck.afp.com/http%253A%252F%252Fdoc.afp.com%252F9TA2CC-2#7612cac73309e856298a52d357ab44de')",kor,eng,This video shows an anti-lockdown rally in Austria,This video shows an anti-lockdown rally in Austria,"[('eng', 1.0)]","ë°±ì‹  ì ‘ì¢…ì„ í•˜ì§€ ì•Šì€ ì‚¬ëŒë“¤ì˜ ë¶ˆë²•ì ì¸ ë´‰ì‡„ì— ìµœëŒ€ì˜ í˜ìœ¼ë¡œ ì €í•­í•˜ë ¤ê³  ê¸¸ë¡œ ë‚˜ì˜¨ ì˜¤ìŠ¤íŠ¸ë¦¬ì•„ì¸.

Austrians out in full force resisting and defying the illegal lockdown of non-vaxxinated people.","An Austrian who has gone out of his way to resist the illegal blockade of the unvaccinated with all his might.

Austrians out in full force resisting and defying the illegal lockdown of non-vaxxinated people.","[('kor', 1.0)]","This video shows football fans marching through an Austrian town in 2019, not an anti-lockdown rally","This video shows football fans marching through an Austrian town in 2019, not an anti-lockdown rally","[('eng', 1.0)]",,,
45,"[(1638298215.0, 'ig')]",,27,"(1639156860.0, 'https://factual.afp.com/http%253A%252F%252Fdoc.afp.com%252F9UE6A3-1#7e4c63ab498248fb40c5b7f44a89890e')",spa,spa,La ComisiÃ³n Europea pide que se feliciten las fiestas y no la Navidad,The European Commission asks that the holidays be congratulated and not Christmas,"[('spa', 1.0)]","Feliz Navidad a todos!ğŸ„ğŸ…ğŸ»

Y los polÃ­ticos que no festejan la Navidad que no se tomen vacaciones! ğŸ™ŠğŸ˜‚","Merry Christmas everyone!ğŸ„ğŸ…ğŸ»

And politicians who don't celebrate Christmas shouldn't take vacations! ğŸ™ŠğŸ˜‚","[('spa', 1.0)]","El texto de la ComisiÃ³n Europea sobre las fiestas y la Navidad era de uso interno, y fue retirado","The text of the European Commission on holidays and Christmas was for internal use, and was withdrawn","[('spa', 1.0)]","La ComisiÃ³n Europea pide que
se feliciten las ""fiestas"" y no
""la Navidad"" en nombre de la
inclusiÃ³n
En un comunicado, la ComisiÃ³n de Igualdad seÃ±ala que hay","The European Commission asks that
congratulate the ""holidays"" and not
""Christmas"" in the name of the
inclusion
In a statement, the Equality Commission points out that there are","[('spa', 1.0)]"
46,"[(1657244401.0, 'fb')]",Missing context,43,"(1612824420.0, 'https://factcheck.afp.com/article-misleads-mercks-decision-drop-covid-19-vaccines#d4dcef159268e3e2bd023564e16a2fb3')",spa,eng,Merck Scraps COVID Vaccines; Says Itâ€™s More Effective To Get The Virus And Recover,Merck Scraps COVID Vaccines; Says Itâ€™s More Effective To Get The Virus And Recover,"[('eng', 1.0)]","Productora de vacunas Merck ha desistido de seguir desarrollando dos vacunas para el
coronavirus anunciando que es mÃ¡s efectivo la recuperaciÃ³n natural que la vacuna. #SeVieneMÃ¡s","Vaccine producer Merck has given up further development of two vaccines for the
coronavirus announcing that natural recovery is more effective than the vaccine. #SeComesMore","[('spa', 1.0)]",Article misleads on Merckâ€™s decision to drop Covid-19 vaccines,Article misleads on Merckâ€™s decision to drop Covid-19 vaccines,"[('eng', 1.0)]",,,
46,"[(1657244401.0, 'fb')]",Missing context,1,"(1611619140.0, 'https://healthfeedback.org/claimreview/covid-19-vaccines-currently-in-use-stimulate-immunity-to-the-same-degree-as-natural-infection-without-exposing-the-vaccinated-person-to-the-risks-associated-with-the-disease/#9bb4e8541635c595b6e5072c4dba33c5')",spa,eng,â€œMerck Scraps COVID Vaccines; Says Itâ€™s More Effective To Get The Virus And Recoverâ€,â€œMerck Scraps COVID Vaccines; Says Itâ€™s More Effective To Get The Virus And Recoverâ€,"[('eng', 1.0)]","Productora de vacunas Merck ha desistido de seguir desarrollando dos vacunas para el
coronavirus anunciando que es mÃ¡s efectivo la recuperaciÃ³n natural que la vacuna. #SeVieneMÃ¡s","Vaccine producer Merck has given up further development of two vaccines for the
coronavirus announcing that natural recovery is more effective than the vaccine. #SeComesMore","[('spa', 1.0)]",COVID-19 vaccines currently in use stimulate immunity to the same degree as natural infection without exposing the vaccinated person to the risks associated with the disease,COVID-19 vaccines currently in use stimulate immunity to the same degree as natural infection without exposing the vaccinated person to the risks associated with the disease,"[('eng', 1.0)]",,,
46,"[(1657244401.0, 'fb')]",Missing context,4,"(1611871602.0, 'https://www.usatoday.com/story/news/factcheck/2021/01/28/fact-check-merck-ends-covid-19-vaccine-work-based-immune-response/4292935001/#c7c5360883b57a936d147c2d6f233857')",spa,eng,U.S. pharmaceutical company Merck said it scrapped its COVID-19 vaccine trials because it was more effective to contract the virus and recover,U.S. pharmaceutical company Merck said it scrapped its COVID-19 vaccine trials because it was more effective to contract the virus and recover,"[('eng', 1.0)]","Productora de vacunas Merck ha desistido de seguir desarrollando dos vacunas para el
coronavirus anunciando que es mÃ¡s efectivo la recuperaciÃ³n natural que la vacuna. #SeVieneMÃ¡s","Vaccine producer Merck has given up further development of two vaccines for the
coronavirus announcing that natural recovery is more effective than the vaccine. #SeComesMore","[('spa', 1.0)]",Fact check: Merck discontinues COVID-19 vaccine work over weak immune response,Fact check: Merck discontinues COVID-19 vaccine work over weak immune response,"[('eng', 1.0)]",,,
